core,display,role,race,alignment
4051645496201203180,1168582581147282503,Knight,human,lawful
1855986751246914685,7451244938617811065,Healer,gnome,neutral
3809426256058782503,972359622635868928,Ranger,gnome,neutral
3876832567399104052,8670532111993438904,Healer,gnome,neutral
5333669238161927193,4995987796529446947,Rogue,orc,chaotic
2623535831513637826,6835039002867387219,Monk,human,lawful
8328744851634760953,4606201193837756781,Tourist,human,neutral
7291259593890451078,6124165242172668646,Barbarian,orc,chaotic
8130522608240043939,4883353931261649812,Healer,gnome,neutral
7652687415948219897,2135261473732634563,Caveperson,gnome,neutral
3327528333104161632,1372503429149961044,Rogue,human,chaotic
4101092134454969231,4296876141846834306,Healer,gnome,neutral
8869093381907006750,5821387112117201151,Valkyrie,human,neutral
5498180686750975982,2460729559955444452,Healer,gnome,neutral
8211388355029453163,3757775061853909303,Ranger,elf,chaotic
4472998437564971616,9006214951787074292,Caveperson,gnome,neutral
2920644577900562157,6288801682314873130,Priest,elf,chaotic
107830593199911951,7558489256105422,Rogue,human,chaotic
7274059129312219042,5431705077307633467,Ranger,orc,chaotic
1021465046382326480,4986491386334992712,Barbarian,orc,chaotic
947965641841096096,2087189031597312685,Valkyrie,dwarf,lawful
691813777667025009,85230551949767972,Caveperson,human,lawful
1443153528982436729,3162616831667696288,Barbarian,human,neutral
8898757706482466905,3599076408093572584,Healer,human,neutral
5470454413847302853,7381661436071060276,Valkyrie,dwarf,lawful
8277201046827236588,876489950811389376,Tourist,human,neutral
1307575350678774408,6447789143466047854,Valkyrie,dwarf,lawful
3694307140654795855,4877834871696617775,Rogue,human,chaotic
3840050733752032997,1842885257723291089,Priest,elf,chaotic
5386058135545951866,9206250405516568785,Priest,human,lawful
4655418758547864205,2661993546247569867,Knight,human,lawful
3026191974568645675,7302347681221370027,Wizard,elf,chaotic
650391211223295127,3059585911528208813,Ranger,elf,chaotic
3497704390182390700,8044011617352637164,Barbarian,human,neutral
7686729488357720825,1624831698445431413,Caveperson,dwarf,lawful
3304213352785143148,4839337687443908400,Caveperson,human,lawful
6281672234227170805,8325749094608990304,Ranger,human,neutral
8795871958265152736,7981709291002846921,Valkyrie,human,lawful
4079076718333238704,1996963920235636028,Knight,human,lawful
929908101006310014,8531874608030909274,Monk,human,chaotic
1178997137606277618,1455526975884760903,Knight,human,lawful
7805572178888554714,3625726442289691788,Caveperson,gnome,neutral
4867496866587891042,9056077882008434285,Archeologist,human,lawful
3821802592905827773,2430587924039967471,Tourist,human,neutral
5381500226488286321,7956079553631921304,Samurai,human,lawful
4657101849560102918,4421977368584506696,Healer,gnome,neutral
4890341562719349873,7458719316585038567,Priest,elf,chaotic
6274319488673293065,1081564658308668878,Rogue,human,chaotic
5842313182744519933,8793134653352628735,Valkyrie,dwarf,lawful
6561256126371459035,3870146088628575727,Archeologist,human,neutral
8403810373201142248,6730526830202236538,Wizard,orc,chaotic
6933454012268946474,635360755657036808,Archeologist,human,lawful
8685202091085038988,1063016550466773486,Wizard,elf,chaotic
3706821286026406732,5862200260350079527,Ranger,gnome,neutral
8242674306175245174,6531487610454633383,Ranger,human,neutral
2198593515350871896,6337909287849735409,Healer,gnome,neutral
2506358581637874006,1684985102520498790,Tourist,human,neutral
8134493759252540709,5380570073200154774,Rogue,orc,chaotic
7145632917474346966,3363718835657762400,Barbarian,orc,chaotic
7611212476316250749,2784348224737957772,Archeologist,human,neutral
4336371036566987796,1578979899378723863,Rogue,orc,chaotic
7819317815152043357,548740924859200391,Valkyrie,human,lawful
3896019940438900752,1184287934572034106,Valkyrie,human,lawful
4865755433016709264,4709641968625399553,Ranger,elf,chaotic
5197778430334871442,6480320690123718492,Rogue,human,chaotic
600075201281557941,7484001498386277642,Wizard,orc,chaotic
807499227549459482,82752460445425656,Priest,elf,chaotic
1238018750352910754,2726412650447214011,Knight,human,lawful
2684395628993508481,2220151260621952810,Priest,elf,chaotic
1935863118615985049,3870328104904028517,Barbarian,human,chaotic
2138166327318078326,8312814548045483042,Valkyrie,dwarf,lawful
7725014106764475611,7897102532449171060,Valkyrie,human,neutral
4552788454827111321,4965197515926344564,Healer,gnome,neutral
4736089492396689114,8837139402464957769,Caveperson,dwarf,lawful
3201737757223006395,1115898928590740315,Priest,human,lawful
9179646488500720079,1718191682742653700,Caveperson,dwarf,lawful
9041323872778101379,2578648680248175024,Caveperson,gnome,neutral
3526453981395381024,2349867719560800564,Tourist,human,neutral
189545572924753385,3721450972544163739,Tourist,human,neutral
3320590227791182487,6641818706252164666,Rogue,human,chaotic
2744796617754348730,8777696909623141197,Knight,human,lawful
8971145621515302841,1270417033397378523,Priest,elf,chaotic
2792263566710130726,8569159983087895062,Knight,human,lawful
8589108977567446264,6684868229661462304,Caveperson,gnome,neutral
1417415821071516858,1278357880446560229,Caveperson,human,lawful
1090188797151826921,4321307318092505428,Monk,human,chaotic
2919862878001620693,6363995026609389294,Priest,human,lawful
863028199081831772,3060705026989755862,Archeologist,dwarf,lawful
4755355504405357990,4480655485324345957,Tourist,human,neutral
2476663549264593797,7432578716555866145,Barbarian,orc,chaotic
8727289927248485298,2717490577497662916,Valkyrie,dwarf,lawful
7630503915652235290,1099209824854506301,Wizard,gnome,neutral
1379045494614571710,4932521965508894757,Valkyrie,dwarf,lawful
8990670099937801426,5583658989370617305,Healer,gnome,neutral
571783752557235529,2350185802842992254,Wizard,orc,chaotic
4477731549912767655,3570377962306030818,Rogue,orc,chaotic
5750280655813585086,364728767309608216,Knight,human,lawful
6452800832692695006,3236311500838325781,Ranger,human,neutral
3547819068773912509,8172600802068809512,Monk,human,neutral
4123537752998932366,7797513764249525157,Caveperson,dwarf,lawful
7198017371838928830,2339738356079752834,Wizard,human,neutral
5374574188860600015,4140640807235092647,Archeologist,human,lawful
3032298250372822055,5121434219680430976,Monk,human,neutral
6965895409940457398,8776703333761198998,Barbarian,orc,chaotic
9008963932280549649,5378714527594892833,Monk,human,lawful
1201621892226495484,4472092090746751533,Valkyrie,human,lawful
4516988584862299032,8704510104869781993,Priest,human,chaotic
5447719147802045851,5461571944165248247,Ranger,elf,chaotic
4584850642335172099,7478766005322064947,Samurai,human,lawful
2466350056702120605,2419895184233578615,Samurai,human,lawful
2990133133076744976,4748545430953100310,Valkyrie,dwarf,lawful
4276307318256446446,5877049176138892813,Wizard,gnome,neutral
9126945607064779767,6092912746214784608,Samurai,human,lawful
1199056021614703476,4477860128640574646,Barbarian,human,neutral
8503039502963630986,4988813673542014238,Valkyrie,dwarf,lawful
3502197216819061229,3965376055443635020,Caveperson,dwarf,lawful
7598441553790048977,6252610862988881629,Knight,human,lawful
8431406719394694247,8513638081894547468,Samurai,human,lawful
915677484724886369,8180134951434698953,Monk,human,lawful
7535838459120225964,4062398072668396922,Ranger,orc,chaotic
8825955736315047716,8055604805387748628,Healer,human,neutral
246484816892930493,3706480491635250504,Priest,human,lawful
1920827579925652853,73832244036727981,Samurai,human,lawful
3045681048624863704,4206150424847825606,Ranger,human,neutral
5235845910530638092,7308654056353252107,Rogue,human,chaotic
1745143144813429414,5340702581211146141,Caveperson,gnome,neutral
4116946158798578810,7277150526522951031,Wizard,orc,chaotic
2530323306126606188,7584706070264534355,Caveperson,human,neutral
8202039185008184154,4186324123474079017,Knight,human,lawful
906336610624638018,6845478212081435312,Wizard,orc,chaotic
3810089374100029016,2266309241881316247,Archeologist,gnome,neutral
1041308408784985343,7364560785625832574,Samurai,human,lawful
3592648660919701597,2578025623072551723,Samurai,human,lawful
7294792532889224587,5507031120714866646,Priest,human,chaotic
7296001491122950900,4304118783963306278,Tourist,human,neutral
6185835966724205551,5046974486009387978,Rogue,orc,chaotic
5384216857198670141,258942539508265154,Samurai,human,lawful
2731445252666938762,3144490264598206018,Wizard,gnome,neutral
1905717400561578105,5879969596173369486,Valkyrie,human,lawful
156968789714589987,2706559408590698569,Priest,elf,chaotic
5087987442936380182,631750100451481739,Wizard,human,neutral
6596232183594153966,6818827910909094505,Monk,human,lawful
2361872296329712417,710233664786926383,Knight,human,lawful
5424518032111544577,6894636453053065077,Barbarian,human,neutral
3271809052324750254,5344744444389279418,Monk,human,lawful
4162195911452838311,2118679982128087872,Wizard,human,chaotic
8186196686122289150,2679293722442658664,Caveperson,human,lawful
9167922389123693589,3725571171551417776,Priest,elf,chaotic
7819312488901812183,7195025651178129174,Monk,human,chaotic
5373328008838386864,1036661186525547327,Barbarian,human,chaotic
1258993473309744890,6877203489132719798,Samurai,human,lawful
5023741916395474424,1081864433066751546,Valkyrie,dwarf,lawful
236805412621256442,2702328285539639863,Priest,elf,chaotic
4451331939926329061,6359887910944154488,Priest,elf,chaotic
4197710696327274433,2276545063489311474,Archeologist,dwarf,lawful
7998438743003070731,2222331281665645658,Barbarian,human,chaotic
6125654646669880312,1379118685026591470,Archeologist,gnome,neutral
8849758104438322615,4135144520540889032,Valkyrie,dwarf,lawful
8882038756688999262,3419514966955563490,Priest,human,chaotic
209286995292017256,3914511267781020277,Healer,human,neutral
5051070860097154852,2680304652856206636,Valkyrie,human,lawful
6085269504234888902,681103800851497317,Healer,human,neutral
7863761385703049089,7899233838427428060,Monk,human,lawful
8406823282821275568,8315170413185166919,Monk,human,lawful
6963903618718462050,1006901120147692435,Wizard,human,neutral
7186959073974343855,2487927498901506827,Monk,human,chaotic
4945889988095973688,4840086148047264390,Samurai,human,lawful
1421414711090325474,6053452732928049664,Caveperson,human,neutral
4277995509684945578,2757142328598476275,Samurai,human,lawful
179237479330959063,6569516709654455997,Barbarian,human,neutral
7424719528828427736,2893501718446493281,Tourist,human,neutral
3498585713428839675,6436165274325607531,Caveperson,dwarf,lawful
7948049789737691666,2172557290926257340,Samurai,human,lawful
5565881330633089297,1476314685632077234,Valkyrie,human,neutral
2330780594526214970,5473028327517752185,Barbarian,human,neutral
881398036342515400,8127193367577897414,Wizard,gnome,neutral
7760053058426393550,6314291288533431126,Tourist,human,neutral
403955443573434027,159650369507221066,Archeologist,dwarf,lawful
2587060287331252624,5564244929257590818,Archeologist,human,neutral
3065741765997162972,3675863475070367947,Healer,human,neutral
2902534559366649180,8130759747558370686,Archeologist,gnome,neutral
6575090398552432437,2589855622897620108,Rogue,orc,chaotic
2426782514797923200,2368471251966823151,Monk,human,lawful
5132764070038970226,6688467863872260683,Monk,human,neutral
1737974100022701680,6178262475765973899,Wizard,orc,chaotic
2629108158494450464,5179131941355818741,Wizard,gnome,neutral
5613635998082203730,7371505586074570133,Tourist,human,neutral
2778016808597305184,818360948871542961,Caveperson,gnome,neutral
2347718061224752203,8842566329521361646,Monk,human,neutral
8273837678860623122,8913211228627711294,Knight,human,lawful
4828193003987440427,8814003184704061356,Priest,human,neutral
4610744598965111593,7618504645247158247,Knight,human,lawful
311516394490698187,2803131146754450146,Caveperson,gnome,neutral
5492137354419225685,3124012827463178731,Samurai,human,lawful
8291279921435708365,1926670835750576472,Priest,human,lawful
8438789846863319244,2996459080304651972,Rogue,human,chaotic
941932658410068782,7336601775707991137,Caveperson,dwarf,lawful
7312801379202360885,911815466986638754,Priest,elf,chaotic
5811120103196258038,3513919595468588014,Knight,human,lawful
3174831616775474368,3564674262716698823,Valkyrie,human,neutral
722247861165831792,492923376261879126,Archeologist,human,neutral
8975044026803234233,5171553188438067529,Barbarian,orc,chaotic
3860299607383908094,3881932938452729786,Wizard,gnome,neutral
3375574845579969167,6570622506624547412,Tourist,human,neutral
6632621595204413274,8548755715285546047,Rogue,orc,chaotic
557975589146824360,3123122234689987140,Monk,human,lawful
8945486947933123304,3114685568154816382,Barbarian,human,chaotic
380988568002718831,5902433617681194547,Wizard,gnome,neutral
4909052855776528216,1417217418982708471,Ranger,orc,chaotic
5162463402166593740,4370984120708412535,Barbarian,human,chaotic
2256160134460418727,2801719481702965424,Knight,human,lawful
834070333120009420,3732135968988720578,Samurai,human,lawful
8714740219488365909,5416903796188956352,Wizard,gnome,neutral
9070273077447549404,4880096059905796548,Monk,human,neutral
5427520850040347195,949858096588829339,Healer,human,neutral
5314055491376217554,7769428255404599937,Rogue,human,chaotic
4819246405755803608,4071142804802325014,Rogue,human,chaotic
6104947923618661915,2684927990945037017,Knight,human,lawful
2713225840660081204,7751503323309733913,Wizard,human,neutral
3160676509189480058,4999107343317380332,Rogue,orc,chaotic
4864296028579786020,4540522469296321782,Valkyrie,human,lawful
1658739600226760542,6010723509594749549,Healer,human,neutral
2333918697588853157,2476494268350651561,Healer,human,neutral
4645827617631747102,2828474331838418534,Samurai,human,lawful
1352935926724337134,5939061743293042524,Wizard,elf,chaotic
7329655517876659173,6826518030175766013,Knight,human,lawful
1026507522372595362,5574974694438808477,Barbarian,orc,chaotic
2049301210256252962,7776729616294740892,Barbarian,human,neutral
9107554506887325663,1161909114966696366,Samurai,human,lawful
3518899168957108351,8807723141945929156,Ranger,orc,chaotic
7244375973398388978,1029788543925254327,Healer,human,neutral
7921627090121412607,5225573837935492074,Barbarian,human,chaotic
2968057289659267052,2151516729895791981,Tourist,human,neutral
4915184049973011968,5164228980078353870,Knight,human,lawful
5185995881913077466,9212599524113063185,Caveperson,human,lawful
6688563083333064994,2043119923353320928,Tourist,human,neutral
6756384802119919203,9086546818238218538,Monk,human,lawful
8583203561113961150,6025528887723452382,Tourist,human,neutral
108969194336031881,5822481831651975183,Archeologist,human,neutral
4201592621343364297,839557973220867089,Archeologist,dwarf,lawful
203739298112735781,6562923998431541716,Monk,human,neutral
81086013076395762,4087349197893233421,Knight,human,lawful
9028091222490854089,3721552945675102139,Archeologist,gnome,neutral
1519625061094068530,4090228235872296247,Ranger,gnome,neutral
5537977183133937763,3961517760031290368,Valkyrie,human,lawful
7533535510983532641,7438602043658137508,Wizard,human,neutral
5654870116138736835,3138943866107906878,Barbarian,orc,chaotic
969385889392642439,415920933575600823,Ranger,elf,chaotic
3768965111795539651,2289873276082309781,Monk,human,lawful
389005973754470217,4439223240352882099,Priest,human,neutral
7365140505151892179,2787280536021290984,Barbarian,orc,chaotic
3846742158994558721,7767446555515254527,Tourist,human,neutral
1489735256404686010,2078938831349123573,Rogue,human,chaotic
7895864428009496711,5302598595676755431,Healer,gnome,neutral
4376024202367161632,7698450142277823972,Wizard,elf,chaotic
4677581558479223904,5603894856296488155,Barbarian,human,chaotic
7506028195611713669,4856665121209493806,Barbarian,orc,chaotic
382603454407141344,9122787148085731674,Valkyrie,human,neutral
6853904254223064584,6019269263258840642,Rogue,orc,chaotic
8370913001272809372,2427475090051493952,Wizard,human,neutral
145645501774163084,8447640017788996484,Tourist,human,neutral
286382472465609377,8306453142973868851,Healer,gnome,neutral
8016043494803873081,7353795469893933072,Healer,human,neutral
8248182326647242419,4538468921670592894,Caveperson,human,neutral
6790545481238813545,4152549027020507405,Wizard,gnome,neutral
1978867673435174124,3010679782760104993,Healer,gnome,neutral
5262868903388759194,4079755262784049709,Samurai,human,lawful
1932331304813001241,3116379325745071893,Archeologist,human,lawful
44368876396860059,6681702336805464227,Knight,human,lawful
1890866833043122294,7351126141930715559,Rogue,human,chaotic
1720027725508815235,2540837681881798403,Valkyrie,human,neutral
3253593974441221453,5866503693388349905,Priest,elf,chaotic
8705701770882205259,7952042164477227284,Valkyrie,dwarf,lawful
8168003019350540381,2217096074789954518,Priest,elf,chaotic
1699127492806681124,6143502767059185695,Knight,human,lawful
7530007252571841407,5152812879497849681,Valkyrie,human,lawful
7355616187115317348,3331052674338034256,Caveperson,gnome,neutral
2370615356741795797,7172469379590152791,Samurai,human,lawful
7396513797709890483,5528221126105142865,Tourist,human,neutral
8261350212420209540,3148346254624875355,Monk,human,neutral
6365841850002287811,8076418768209709762,Valkyrie,dwarf,lawful
3102937737241406141,5961614675262070355,Caveperson,dwarf,lawful
8060325981624598407,3128451612342401037,Tourist,human,neutral
6892401099522622661,4803080759552441630,Samurai,human,lawful
8665680336808999368,2114348427218250632,Monk,human,chaotic
6728578701941261677,722359120379606209,Valkyrie,human,lawful
4080593562959252480,3199593063160792845,Archeologist,gnome,neutral
7461952214376735177,3226393615947046246,Samurai,human,lawful
2710882655600651778,839690564547871317,Barbarian,human,neutral
5287152511456991142,8027522905252434074,Tourist,human,neutral
7656702229503164764,7231947298324720621,Rogue,orc,chaotic
7119518643912128967,4003522791226633468,Knight,human,lawful
161064258921886931,2053664508387263155,Monk,human,neutral
6022295776860062481,2842756057995351589,Priest,human,chaotic
4826476278901947185,4867380552428483320,Wizard,elf,chaotic
3271769146878680258,4492651072009952789,Caveperson,human,lawful
6451219779904274608,8322741835901919297,Priest,human,chaotic
4212981754318510250,1864290728669956449,Ranger,elf,chaotic
6980181624350143777,2793447487504437762,Samurai,human,lawful
2706548317023324384,6945394342049898950,Ranger,human,chaotic
1730359920760637230,2188201920074600831,Healer,gnome,neutral
2173478910514087390,6139420502221023801,Barbarian,orc,chaotic
7679011719726458769,5811618536058410511,Samurai,human,lawful
2801886059600306566,1807590230172193901,Samurai,human,lawful
8217157014092163130,6449539955803166240,Rogue,orc,chaotic
5124471199266255087,2777003262550202927,Ranger,elf,chaotic
5561736514814831501,1835945215337730833,Samurai,human,lawful
4297516935521849433,7800760178706620105,Samurai,human,lawful
4371167997036756453,132138929414122507,Valkyrie,human,lawful
2419509174745120717,3284463683539392346,Barbarian,human,chaotic
531832440433588844,6756427038792173995,Barbarian,human,chaotic
3432059382509860632,1604827795292952533,Rogue,human,chaotic
2823847100529152492,4859077914121396651,Wizard,elf,chaotic
439813384016212596,5320342005795855669,Samurai,human,lawful
1595364539895556301,5237376884504659602,Priest,human,chaotic
2555983745024453895,8732189308730132476,Wizard,human,neutral
4520726806631493199,5233454498625530941,Healer,human,neutral
2934561299579719584,3420282791744326332,Ranger,elf,chaotic
2080656487342499346,4550201113475898916,Monk,human,lawful
7836298705834673465,8079156514497861763,Rogue,orc,chaotic
8542844227556034253,4752906633661060985,Barbarian,orc,chaotic
1938229499559331808,930000323302989563,Wizard,elf,chaotic
5675392799060235554,5684450428156111287,Ranger,gnome,neutral
8223436569704473560,7235677902072517217,Samurai,human,lawful
947765718732302214,8288291051754426303,Wizard,elf,chaotic
7559411411917169600,2290603152519778778,Barbarian,orc,chaotic
7770444161408843936,1907369698678230096,Tourist,human,neutral
4966285507817539721,54583913953944382,Knight,human,lawful
5088309905026081435,3161985478815318670,Healer,gnome,neutral
4883883600557122142,4653446836911141724,Priest,elf,chaotic
7109117732517684971,5096559675884912908,Barbarian,human,neutral
1168373363195931369,4254948174548913682,Samurai,human,lawful
4676981984117633497,4319924986681913551,Tourist,human,neutral
6370693012317632536,1495127715227532149,Ranger,gnome,neutral
5033064403126608180,8126848645281900717,Valkyrie,dwarf,lawful
2789025511383431472,6023056864137775724,Ranger,human,neutral
892629142831629610,4373322163691564094,Priest,elf,chaotic
7108805681404170202,9209599124938607603,Monk,human,neutral
8724464759625597762,455755244469131991,Barbarian,orc,chaotic
5114060405597279610,8525623151775702279,Caveperson,human,neutral
4362945646694601756,4139833921298899470,Monk,human,chaotic
129192760475220060,4866968836818910469,Wizard,human,neutral
5122886410941399146,7328932465710371491,Samurai,human,lawful
5760107299709849752,7668287341143477524,Knight,human,lawful
2824377883047684228,6020244922021415432,Samurai,human,lawful
5893827577159338732,8306936989467727893,Archeologist,dwarf,lawful
7261882690944206358,2633028489831681666,Ranger,orc,chaotic
1055950657875490294,4760169944725578390,Samurai,human,lawful
1648788898587911481,8024369198755875675,Priest,elf,chaotic
6218415688766903546,5696852703098082237,Rogue,human,chaotic
1005279489257132871,323385611373520850,Tourist,human,neutral
2052228771077648386,8519996793828294702,Samurai,human,lawful
7121373421045338904,2148517359654632667,Wizard,elf,chaotic
2785527288540296588,5821124654325841337,Rogue,orc,chaotic
6670063535066037735,9208527114348539665,Caveperson,gnome,neutral
7235420417068934607,1203856713638757315,Rogue,orc,chaotic
5763406328179924412,8744925825348523779,Healer,gnome,neutral
3494262154443893468,998664288138841044,Tourist,human,neutral
1258956766214182756,8205490646303161982,Wizard,orc,chaotic
156486424045337705,4299045846323838165,Ranger,orc,chaotic
3781606510239413095,8286170024939907219,Valkyrie,human,lawful
4085102575899685457,106550285250992932,Wizard,elf,chaotic
3854569147222560250,6242188314944244725,Monk,human,neutral
5393905868009560096,6258557280468383828,Priest,human,lawful
3278791645970131472,3443706332716365412,Priest,elf,chaotic
1618488160325845780,1585457613380931748,Knight,human,lawful
6970682878204157979,3239357631437224392,Tourist,human,neutral
6206400714212079494,6870287974374447430,Priest,human,neutral
3134422611280355377,2817903234926027850,Healer,gnome,neutral
6178435206039579365,8709164607790990656,Barbarian,human,chaotic
1003336260684161609,5738904237866485989,Valkyrie,dwarf,lawful
6106880798142312216,8624106332681515608,Samurai,human,lawful
3453381878188061012,2394377086803357224,Monk,human,chaotic
2199054198025089340,7060359842485057004,Wizard,human,chaotic
8589908046784039178,2539151481194007303,Wizard,elf,chaotic
4651403514782628256,3913410285819304117,Valkyrie,human,neutral
6807052103489967641,8900604690893264474,Wizard,gnome,neutral
7745796444211454215,7579398148626907307,Rogue,human,chaotic
8326205476619295375,4885559137872013284,Caveperson,gnome,neutral
2709532658990238367,1395229113985361290,Caveperson,gnome,neutral
6656885370192579119,8517434096575797975,Knight,human,lawful
3363571822348784934,2305836941613008775,Knight,human,lawful
5320192165333088298,6534271875056225899,Tourist,human,neutral
326172707613740151,7980740704497653965,Rogue,human,chaotic
9037372382399429637,2095262486437648533,Monk,human,neutral
5879680081212353351,4348671751879587717,Samurai,human,lawful
8590210795545758596,3256512939236163811,Wizard,human,chaotic
7225722185540219715,465283581768645416,Healer,gnome,neutral
994476038221113058,914957002434655214,Priest,human,lawful
4664948322327891361,2713867419605502284,Archeologist,human,neutral
4625554369075509814,2651338517309755965,Knight,human,lawful
4084255238654824385,7029174731298661119,Rogue,human,chaotic
5810988150567713500,8494885352998482093,Tourist,human,neutral
9139045407333783458,3894326522687193378,Healer,gnome,neutral
7582560125703305448,5565330357935534911,Barbarian,orc,chaotic
3204971219225682100,4585128777291179622,Wizard,human,chaotic
1592720658276360444,5080843147947282226,Monk,human,lawful
5208019667382367363,5841636559089218265,Samurai,human,lawful
3035153580926078172,1991778385001007263,Wizard,gnome,neutral
6306492776268187983,4279652921163719430,Tourist,human,neutral
5591053638262401925,2243833722949139554,Ranger,orc,chaotic
5138799317772356354,6225766460656089905,Barbarian,human,chaotic
6605530730562122385,3927774222920515707,Archeologist,dwarf,lawful
7229922507487461443,7203455457979390688,Wizard,orc,chaotic
4451608634223921399,5911748245538853227,Valkyrie,dwarf,lawful
395264787494368433,2529497450702197728,Tourist,human,neutral
692399850700772078,6474440196330958350,Archeologist,dwarf,lawful
2987688675894466462,7713262890671990782,Ranger,gnome,neutral
5300944020599330084,8035290206112466710,Monk,human,lawful
8655482936032447854,3092821499938973549,Barbarian,orc,chaotic
2359857648852539902,3179651766314227043,Monk,human,chaotic
5166043929276294279,6952703215337744192,Ranger,human,chaotic
1052888358988849079,6902391817141648180,Ranger,human,chaotic
5654145777208574410,8679786626126288332,Archeologist,dwarf,lawful
2815265425719360513,249974666395308987,Caveperson,dwarf,lawful
6661145385658851758,4119758017062935037,Valkyrie,human,lawful
3305776495089916607,5778689494356191627,Monk,human,lawful
3422197720989929591,5962594204729188153,Samurai,human,lawful
1349554044868321373,2979824921527086724,Healer,human,neutral
7552702651806206533,4541738241216503176,Samurai,human,lawful
4451023132573344599,407096181777392660,Barbarian,human,neutral
43216733019574569,6131819468593957602,Healer,gnome,neutral
6995883376398774377,8741516858147329436,Rogue,human,chaotic
881850642987250796,3851839291127784347,Monk,human,chaotic
1297528828732121762,39533008188971243,Monk,human,neutral
8834831679834314889,794637561748277554,Ranger,orc,chaotic
4015693374586610082,236052944708645318,Valkyrie,human,neutral
4878999019569516844,7610564659324561701,Caveperson,gnome,neutral
8968904097027151403,2341873996092389020,Archeologist,dwarf,lawful
2271890960201932693,5167960585923766116,Ranger,orc,chaotic
5792661806129001601,8338141459192472718,Knight,human,lawful
379175693966784788,7335584609551386358,Tourist,human,neutral
2151335199465569775,6347235837577331967,Healer,human,neutral
9144115252597388525,390827067950735481,Tourist,human,neutral
6347014657839402808,7647352091655483940,Rogue,human,chaotic
4574856163152134934,3246086136713356002,Wizard,gnome,neutral
1963683142667910587,4522136669249441238,Ranger,gnome,neutral
8506907045654049362,8391748223554876353,Healer,gnome,neutral
6369681953534608241,81464619931573941,Barbarian,orc,chaotic
7496277400393147263,643881927636100602,Rogue,human,chaotic
8938235753495924387,4941237034055440794,Rogue,human,chaotic
4941954013378092910,8831312739518334887,Caveperson,gnome,neutral
3598856754332678086,7272115400188145408,Knight,human,lawful
7234528404385034386,528277044611617719,Archeologist,human,neutral
1721734662916444975,5658963193585659218,Monk,human,lawful
2708388354039097349,7624124418885016721,Barbarian,human,neutral
8931135693580975487,98290379269646814,Archeologist,human,neutral
5293636146085888882,9152660020443712688,Ranger,orc,chaotic
5074535157908939994,2090056847168512799,Rogue,orc,chaotic
954377707195498326,7508113243507132472,Monk,human,neutral
3074606936308981356,7687968683404064641,Rogue,orc,chaotic
4283517105698619028,531098125169231129,Archeologist,dwarf,lawful
1079218962173030143,14896916352576837,Tourist,human,neutral
6011742669063202732,1977026699298988753,Monk,human,neutral
4099202338710908821,6913323838377700355,Ranger,gnome,neutral
6420870954828706111,4630791986122337609,Barbarian,orc,chaotic
6981129376253294040,5315507972507353576,Tourist,human,neutral
4156981723780849413,2139057259148638016,Monk,human,lawful
8982414325256509880,5634829428668571552,Priest,elf,chaotic
3705269088060636627,7111081571728544297,Caveperson,dwarf,lawful
1103930782614710138,7996564030011087021,Barbarian,human,chaotic
2815187002884978565,866116417389356772,Barbarian,orc,chaotic
2944939006699718974,9096946710646216542,Archeologist,gnome,neutral
7009471581486393561,1775695349150263352,Valkyrie,human,lawful
3514368307870638186,7781337845579119915,Healer,gnome,neutral
3904450484227544395,3273100268218311246,Ranger,elf,chaotic
7004063141778049733,3659803056830902546,Healer,gnome,neutral
1397934525788759990,6685759667105191839,Monk,human,chaotic
3570378050933307613,3609306554631373142,Priest,human,neutral
521935266197767128,6692448528393903556,Tourist,human,neutral
3587013480590821308,8823327410405985427,Rogue,orc,chaotic
4907683112413392912,5213819859179916071,Tourist,human,neutral
5408414319833489839,2194913578262354126,Ranger,gnome,neutral
512297933141944968,2472083899791092605,Priest,elf,chaotic
7339181122443996784,8882673584318598539,Barbarian,orc,chaotic
331268625801223766,5644490105462606278,Archeologist,human,lawful
7884946809807925501,8848621836889681752,Valkyrie,dwarf,lawful
7873455458868349248,4136717385250019088,Valkyrie,dwarf,lawful
7975924292884384386,2242249150021253193,Barbarian,orc,chaotic
4819747023813098829,4502511445238556937,Tourist,human,neutral
2610496731210656455,6648056502624135557,Ranger,orc,chaotic
6490476232684799604,6699082695686201969,Healer,human,neutral
5420605424682634313,542880699109801226,Knight,human,lawful
2112487316639858743,363790131201615228,Monk,human,lawful
8334148353970051145,2032986443765771648,Valkyrie,human,neutral
6391548960402547750,5960276283418905861,Ranger,elf,chaotic
8918682234808194230,1447971377711536190,Barbarian,human,neutral
5987178566828547091,996941763537224600,Knight,human,lawful
5425711201760457776,6258878770248018135,Caveperson,gnome,neutral
5403485056669546524,644161346823206543,Tourist,human,neutral
3258253988963974070,145160930566363987,Valkyrie,dwarf,lawful
3569714085556979131,665885237341100187,Knight,human,lawful
8004887409859487677,2080607321373197608,Tourist,human,neutral
3351604740540766230,8327854617160167066,Tourist,human,neutral
7196981815753352490,5181408365927686742,Barbarian,human,neutral
6501080774187226147,7052558695704776797,Tourist,human,neutral
6740894595458710883,5709673459533810550,Knight,human,lawful
7494162207751095262,8154305817512241323,Wizard,elf,chaotic
6841175191902620371,6638100234356237810,Monk,human,neutral
8259413109723383868,6691997425456803649,Ranger,gnome,neutral
3116151963243412944,742049578256225695,Valkyrie,human,lawful
4868379819744570590,4262502233081612940,Caveperson,dwarf,lawful
2349890386763017341,6089351651125259282,Healer,human,neutral
7532782166511879830,7672419326434489619,Tourist,human,neutral
5323444490307366593,3793088420690923364,Caveperson,human,neutral
518093647904545776,5548371541965670603,Valkyrie,dwarf,lawful
2258009093355125892,5014520965057877940,Samurai,human,lawful
5024282704356539058,2107874590882906854,Tourist,human,neutral
2358865221172963807,1324988401336463142,Knight,human,lawful
3668818724441806418,4418314170531743196,Knight,human,lawful
1866494037617092734,3809610589416655463,Ranger,human,chaotic
6912001375629901281,4573214562012363536,Healer,human,neutral
6992875092958954549,5891336630271096857,Wizard,human,chaotic
8658891329355359653,2516025156131213841,Knight,human,lawful
3995481593534506500,1171570830979555257,Knight,human,lawful
6350957735148570385,3033777796888657288,Priest,human,lawful
7500057451775327892,3863827953380492569,Samurai,human,lawful
4807887741499346862,3861170851722273086,Rogue,human,chaotic
4588991992004249692,4058276401633598037,Samurai,human,lawful
2509297747747918436,1394385683644418872,Ranger,gnome,neutral
6406895614457794633,6729380153266545040,Healer,human,neutral
9048854224810508178,211185145445396016,Healer,gnome,neutral
3768659629890022409,5237999173315142082,Caveperson,human,lawful
2345036741821312937,1550907358535252970,Rogue,orc,chaotic
6525019218772658891,75845246151211768,Rogue,orc,chaotic
8001940674110787011,3663642723278876120,Rogue,orc,chaotic
1170269742733168506,6611773465915873356,Knight,human,lawful
8391056403277036494,3451479133917050509,Barbarian,orc,chaotic
903526882366109524,1796313043385674824,Monk,human,neutral
596525569912322166,5957499847122588028,Caveperson,dwarf,lawful
7705363974793267500,5115917440384446794,Healer,gnome,neutral
159927466568858486,5965454603739800821,Priest,human,neutral
6379698070696072868,3526579109034397624,Archeologist,dwarf,lawful
183089237621910909,9114475022802400375,Priest,elf,chaotic
3052046824892727247,1241549735158201080,Rogue,human,chaotic
2336004300557198606,8815268989908585729,Wizard,gnome,neutral
2617691524499461005,6262898683106020295,Ranger,orc,chaotic
8508584463402938763,5106093969221829154,Monk,human,lawful
240903663096530059,7599670375291126558,Archeologist,human,neutral
478026498815550912,3301593269323360821,Knight,human,lawful
983208463748427814,2817259454949585004,Knight,human,lawful
6242373120592374760,713652046763029515,Priest,elf,chaotic
6724535273947771524,2644484327365020984,Monk,human,lawful
5834378453014253053,8792903181731051512,Tourist,human,neutral
75202445224453044,3884292340843212232,Wizard,orc,chaotic
7973973694053724005,8012903613744159278,Caveperson,gnome,neutral
3846014962691199490,6209371185703272802,Healer,human,neutral
7106359226161266140,9057681920897715764,Archeologist,gnome,neutral
4816379554735547434,2934736496969519847,Knight,human,lawful
6304479461709745213,8256837622506060872,Wizard,human,neutral
4013469417343448046,705790497830802164,Wizard,elf,chaotic
3460143075137185891,7882685990594523037,Archeologist,gnome,neutral
1681233307544911317,4892066317644652382,Archeologist,gnome,neutral
6201333749193280019,2603999345140620545,Healer,gnome,neutral
822920677606249134,856253419940224531,Priest,human,neutral
397449372111279963,2627471521326217576,Priest,elf,chaotic
2287159892461181737,3656579265760308953,Caveperson,human,neutral
2265546825977914555,4930936744995965317,Valkyrie,human,lawful
5179305589347471008,3456743741725931459,Rogue,orc,chaotic
853446460165179755,3087588695410297833,Valkyrie,human,neutral
4018676766015192645,9032961021010592989,Samurai,human,lawful
5126944055846565920,3487280392128684388,Valkyrie,dwarf,lawful
8590151519041381704,397764626209251841,Rogue,orc,chaotic
7589356929633512561,3493712555257943965,Tourist,human,neutral
7246916358459668909,7422186496762444386,Healer,human,neutral
6150175781029409777,8406862079508752300,Knight,human,lawful
510027196587121902,5878958886145457392,Valkyrie,human,lawful
8392914986329044990,2321831378475997273,Healer,gnome,neutral
1963696814943444045,1627563208674048523,Healer,human,neutral
9197876723967715536,6471353505733469349,Priest,elf,chaotic
7561981001125593673,5826915574064515639,Archeologist,dwarf,lawful
3713036067389566573,2035310017241098542,Valkyrie,human,lawful
1114056410916926862,2782041859131023142,Rogue,human,chaotic
3098134152985251727,3959226496575890342,Priest,elf,chaotic
3068036520561033754,2560577465518559011,Samurai,human,lawful
7971804593059906476,8996510382313492138,Ranger,human,chaotic
4998199647667966591,1382109506999438616,Barbarian,human,neutral
6187209967330261306,7958675384918188289,Knight,human,lawful
2143387216719635303,2426032546282307418,Healer,gnome,neutral
3441440367181707190,6133791471154689864,Tourist,human,neutral
2729093714149577514,399896483322777619,Tourist,human,neutral
6681879088666016600,4808171572211457322,Priest,human,chaotic
2090063131253662294,2659149412607590103,Monk,human,lawful
77401266514172458,8369692519527476121,Ranger,gnome,neutral
8689598945283024665,3306349797611933698,Archeologist,gnome,neutral
8645158121724948387,4592715068593341732,Monk,human,neutral
5762972025334466136,8001121200558784735,Barbarian,orc,chaotic
6144156371227160610,4332938633941954278,Wizard,elf,chaotic
7006165951717366486,7516690192023480658,Priest,human,neutral
6008351472254556487,2658905072896905660,Rogue,orc,chaotic
6387567972338644587,791510024965975915,Rogue,human,chaotic
651231869621752838,7892553366954143394,Valkyrie,dwarf,lawful
5541419605432448460,3737354397145685296,Barbarian,human,neutral
8309618617828524309,4876388004801641167,Monk,human,neutral
2257489829563801712,1227092005829293953,Ranger,gnome,neutral
8644225407061358699,8549222041026632936,Rogue,orc,chaotic
2635759577393704120,38630544264468645,Monk,human,chaotic
9178511210299245902,856985094251356473,Samurai,human,lawful
6758471746887984447,8833699406084395451,Knight,human,lawful
2341790948057791848,2070552831205184276,Barbarian,human,neutral
3256180363192560979,6484600307785397148,Wizard,human,neutral
1131610598285763128,2729252230596209652,Ranger,human,chaotic
3082376756422767788,6203966494474783494,Ranger,orc,chaotic
340403353246203352,2743622376251503626,Tourist,human,neutral
7706659402473448034,1413161927371460415,Caveperson,dwarf,lawful
1408884041878270743,4710145822567364921,Rogue,human,chaotic
1739935527728947572,2817480853521770540,Ranger,human,neutral
7451873192020945700,3553276891167017991,Caveperson,gnome,neutral
7192203366292161115,7583241466410816842,Priest,human,lawful
1092519411667746937,7516416546848935922,Monk,human,neutral
8885584203276373700,1063245054522699364,Valkyrie,human,neutral
8422254704684888279,5723941399763435075,Monk,human,lawful
7131166642686328672,7323777907729218548,Samurai,human,lawful
2452380035138218045,8981876779973853465,Monk,human,lawful
8381736372084311035,4112595207783636582,Caveperson,dwarf,lawful
312041781531252608,5892807849164843423,Priest,human,chaotic
1717815273073765755,246051591581816180,Archeologist,human,lawful
2661978210522086196,4695978294817873437,Healer,gnome,neutral
4972620733719423923,1295528818688701468,Valkyrie,human,lawful
2580455265909357011,7951092456142973385,Priest,human,lawful
7509003094462099325,8851041072948334967,Monk,human,lawful
7117173839734345174,5371076605475843413,Archeologist,human,lawful
8527340690949483479,5358532894016547364,Barbarian,orc,chaotic
686166146732051252,8465883732479837311,Tourist,human,neutral
2622067050845010738,4604113635550080380,Archeologist,dwarf,lawful
4111499965784409184,7115226856243365601,Valkyrie,human,neutral
2710520818859169308,3873501553641261357,Healer,human,neutral
6772969584620197654,2602810654309689484,Caveperson,dwarf,lawful
4932681495689614709,4809636205319491414,Wizard,elf,chaotic
8090684556725899619,5405496160482410028,Priest,human,chaotic
1542084929032939030,4057547915619698913,Samurai,human,lawful
2522511820148247818,4378186502820522730,Tourist,human,neutral
6119828782428636255,2742537183970766668,Rogue,human,chaotic
1488266510758074015,4881903270231807184,Barbarian,orc,chaotic
3647153427519519971,2893607339971827877,Wizard,elf,chaotic
2288119585062716715,2388514299307229043,Samurai,human,lawful
4398558229197260282,845261816825765297,Caveperson,gnome,neutral
9190696163262570313,8697576681176307135,Rogue,human,chaotic
3641094950753962863,197641195425445681,Archeologist,dwarf,lawful
7970589064892327959,3007323287277368990,Healer,gnome,neutral
8220534218430996538,1824139910190653211,Rogue,orc,chaotic
5636235440218325846,5178431984158377794,Rogue,human,chaotic
766361342275721949,3257058859001243535,Valkyrie,human,lawful
3195792162033104348,6724849671778891572,Ranger,gnome,neutral
6964726549635576121,410297220372381807,Rogue,human,chaotic
6693405437247979214,3866030251274665824,Samurai,human,lawful
6134991144330824328,5581047610544661975,Tourist,human,neutral
7939588202847449404,3579778779341412239,Caveperson,dwarf,lawful
2788663624962191430,3520870067801963127,Tourist,human,neutral
5404400275513570779,3379258486205061013,Archeologist,dwarf,lawful
4252878538354731488,3999288805827469759,Knight,human,lawful
4929074091082637631,422465492234132875,Rogue,human,chaotic
1438872656024247078,389065875085141742,Samurai,human,lawful
4860675577288618579,3208346564312562792,Rogue,human,chaotic
395024404481222657,6482830621816756402,Ranger,orc,chaotic
105376310562694433,5171242385760223151,Monk,human,lawful
7915227360546343113,4841484027220950079,Archeologist,gnome,neutral
8419161456748290917,7046894981877272653,Samurai,human,lawful
3669989472728942238,5137111090147966627,Priest,elf,chaotic
5126711464330049868,2109725986120964440,Wizard,gnome,neutral
606250065792970487,2672750637783445578,Wizard,elf,chaotic
5649737832909922308,1050787575737048727,Barbarian,orc,chaotic
2132671964449594985,7868505282044946082,Tourist,human,neutral
2967074367196662307,991655386000551496,Wizard,orc,chaotic
5589853649195080626,6072535015459320732,Valkyrie,dwarf,lawful
1900753209443715196,3332109887648628730,Caveperson,dwarf,lawful
965772787674181351,6422563989740634757,Monk,human,chaotic
5258998781824529356,7180066823509143779,Valkyrie,dwarf,lawful
3504251482499293114,1378176996555586579,Priest,human,neutral
4097236882856731081,7842557882827157507,Valkyrie,dwarf,lawful
4093981830144722926,2074823640410982394,Ranger,gnome,neutral
7589078578567368380,8379252915179392097,Samurai,human,lawful
1213825146419450404,1708584361657171746,Barbarian,human,neutral
6237731509738107105,3797777656630252223,Barbarian,orc,chaotic
6796719341434251517,1526948094392321638,Archeologist,gnome,neutral
8614912699860806264,7563824201935499752,Samurai,human,lawful
692807607282935075,1218217661741225102,Ranger,gnome,neutral
4399640577893191175,8648353204211586255,Barbarian,human,chaotic
8049422846243404369,5689757234550801729,Samurai,human,lawful
4246274400783702395,5053895791835393495,Ranger,gnome,neutral
4525111526356770840,5592946936452063556,Samurai,human,lawful
7673459802843269528,5008185923986915876,Samurai,human,lawful
5964987240869557507,2805828754423807850,Wizard,gnome,neutral
81952492706424616,7808923808443524983,Caveperson,gnome,neutral
4930145374401888554,1526080289810380088,Barbarian,human,chaotic
8253081506115582657,2956149595463174011,Knight,human,lawful
1080467308311969975,8555801212459325942,Ranger,human,neutral
1020602649415080725,1070666657032809068,Samurai,human,lawful
703950196772294204,7402063973606488670,Archeologist,human,lawful
9066575588595524428,2802856444056605269,Archeologist,human,lawful
6091273531883003083,679958622460901284,Healer,human,neutral
5867308333235310006,7590197530213829845,Barbarian,human,chaotic
400801637905866238,2901157901170393492,Caveperson,dwarf,lawful
2287057397913851286,504862355034289876,Barbarian,human,chaotic
8478506895944041762,857434714354714092,Knight,human,lawful
5848656617803738379,4979801543025776797,Healer,human,neutral
6357792632016306291,5242584379318151433,Wizard,human,neutral
4601431282108956496,3944703337455355939,Archeologist,gnome,neutral
4749204656684784901,613380135716097597,Priest,human,neutral
2366229613796443396,5650988034573992387,Archeologist,dwarf,lawful
2239698331666657924,1367810089467445963,Samurai,human,lawful
3779665577376913415,9212660303410484191,Priest,human,chaotic
1683551715483170473,5288862984011365229,Priest,elf,chaotic
2638742553742554454,577985328648292325,Knight,human,lawful
8888116592828029204,8729991520848850236,Priest,human,lawful
8140605461641616899,7824555711351933192,Priest,human,chaotic
983782008777212063,8697734665472322812,Knight,human,lawful
8344332491049526244,6508781728334490850,Archeologist,dwarf,lawful
8733071071691395867,8886502057500088309,Tourist,human,neutral
2972491037452007105,5593099503263376476,Knight,human,lawful
8088141001969865751,8119459972106945152,Archeologist,human,lawful
7230759436954801959,2711268131965442117,Wizard,human,chaotic
8229194911337829211,8672813489352301698,Knight,human,lawful
1670291880623030596,4734262703678440220,Knight,human,lawful
8754063144803227752,2541197714641509353,Monk,human,lawful
6673719388266702817,6932463775725726680,Caveperson,human,lawful
5568626558568154490,2210944961644580398,Ranger,elf,chaotic
7057557035875798810,2300953793750131704,Archeologist,gnome,neutral
2489378017844038346,6411894866578894811,Monk,human,lawful
4481898108613784723,4505977643719752788,Samurai,human,lawful
6795453712284094103,4357828093265707091,Healer,human,neutral
1829511784170427869,1232485505578501698,Healer,gnome,neutral
1662526889309152745,6145948130965917434,Caveperson,dwarf,lawful
7315407951452761534,1765424048941897111,Ranger,orc,chaotic
3368085675872490463,5892089716500777390,Priest,human,lawful
4718817504370841283,8037121912575550497,Knight,human,lawful
4936271081274593607,239803766465013411,Healer,gnome,neutral
835100689585675699,8973124696238978007,Archeologist,gnome,neutral
8894660352992629406,3689810399467772604,Caveperson,gnome,neutral
3788747568991740581,1182098574357777058,Caveperson,gnome,neutral
2994190143928013019,265239485781782487,Rogue,orc,chaotic
6227435877190041222,8193007273549317557,Healer,human,neutral
1430882835516766272,1344310801459296027,Caveperson,dwarf,lawful
1595998143904768155,7835496088951849033,Priest,elf,chaotic
3644708973452385542,7075531229132527343,Valkyrie,human,neutral
5392147955294867233,2279124107830701788,Valkyrie,dwarf,lawful
948685459550801855,3263281727699313064,Healer,gnome,neutral
4779810180026999953,6342093868260995182,Healer,gnome,neutral
4644536985058548169,2758503431786030686,Ranger,elf,chaotic
2397141194691455271,7764867259255878415,Valkyrie,dwarf,lawful
2338338334682702779,6573506312526911368,Ranger,gnome,neutral
3077363001520349746,4356708815553441558,Rogue,human,chaotic
6796810168468293015,2423195103295630963,Archeologist,human,neutral
6554476057799967743,1291466884784402863,Archeologist,dwarf,lawful
5921226785421764347,8801214451852518394,Ranger,orc,chaotic
2704734354640534444,3147064329864854023,Archeologist,dwarf,lawful
2390004774853012743,1587999517642376266,Rogue,orc,chaotic
5498669267921370771,108508945205329507,Samurai,human,lawful
8334857942294687497,6598059837991395869,Healer,human,neutral
5685109901088979579,2615906010319343719,Priest,human,lawful
119994375307932983,2943380465630252264,Caveperson,gnome,neutral
3340805436241625208,1721121185416010129,Tourist,human,neutral
9148720649614166649,4676756846650291602,Ranger,elf,chaotic
6468617983393366644,7057213587727150604,Ranger,gnome,neutral
5649827713703956606,3914184445355018830,Knight,human,lawful
6838582709036334577,3018339698045567134,Healer,human,neutral
5073183435828000449,1307198679176870336,Archeologist,gnome,neutral
5829526798479126317,3338809369909981499,Caveperson,dwarf,lawful
7153057003834107568,1080964873348062883,Ranger,gnome,neutral
9219000647725449117,3022275280629958429,Wizard,elf,chaotic
5382468745254567378,2220964102143546773,Barbarian,orc,chaotic
519795230037983622,5932958527800863411,Samurai,human,lawful
420687280081740189,3031694738952743813,Knight,human,lawful
1183393268941930160,3880981022184481444,Healer,human,neutral
932962587707650194,7512492698011522935,Valkyrie,dwarf,lawful
6939291334828208874,3226524415094052063,Priest,elf,chaotic
1080283277595087349,8867520457072028008,Priest,human,lawful
6122992581885582250,6693303886605123027,Wizard,elf,chaotic
5728459412611941953,6402956183540932024,Ranger,elf,chaotic
6873638451160309758,3214675745179300143,Barbarian,human,chaotic
4427583367716267035,2464402977775948790,Archeologist,gnome,neutral
9004184627611349902,6261912492056872948,Knight,human,lawful
4722439015813810117,4675595408162421779,Caveperson,gnome,neutral
4431913485921169900,6070922041370236169,Valkyrie,human,lawful
2115064141184607705,2783759077216091876,Valkyrie,dwarf,lawful
3474503625055817953,83699713539229311,Priest,human,neutral
1328851748374065818,4914947303205678190,Knight,human,lawful
1492229137636780193,7098315338587262809,Samurai,human,lawful
1040591689888408839,4204827016072393140,Knight,human,lawful
5789712530160198979,2725786530325081626,Knight,human,lawful
6658100474506048862,8288223344431717364,Samurai,human,lawful
1106990841635317444,1473368642556132425,Ranger,gnome,neutral
7368767256595339483,2755124801251731853,Ranger,gnome,neutral
5724564810378228312,4007409943883130456,Barbarian,orc,chaotic
3079881680583420035,4137111348912010241,Caveperson,human,neutral
4769480566003398328,6196660305366786808,Samurai,human,lawful
6272865901733319383,4341303802220770036,Rogue,orc,chaotic
790433457453414561,9222330595715831473,Rogue,human,chaotic
5610852477418484967,1719062921323155670,Ranger,human,neutral
2575237123375234501,1290928192691297657,Ranger,human,chaotic
7554016150999098490,7862620344185697657,Rogue,orc,chaotic
7506568291851638220,6197472561784313907,Priest,human,chaotic
8847025598875034649,6605181677700957280,Ranger,human,neutral
3072220825404380215,738420401067790857,Tourist,human,neutral
6027266843744348942,1870957829907879686,Samurai,human,lawful
1510006674584756162,6013983626102123001,Samurai,human,lawful
3397328671551265758,6935157798651451668,Rogue,orc,chaotic
9104210656034162908,2510341654970432549,Healer,human,neutral
5822934274469157623,5800425750334593906,Tourist,human,neutral
1959919590000362289,8571049693059714478,Archeologist,human,lawful
3558364202841494601,7079376943923017231,Tourist,human,neutral
6495551831363343551,8698481146591059893,Wizard,elf,chaotic
8272684387036038620,2180103996418628290,Valkyrie,dwarf,lawful
8990141462596493763,5490933634046679685,Knight,human,lawful
7775714629294667233,8579893148011460112,Rogue,orc,chaotic
6568316106748743577,2664929230539605217,Healer,human,neutral
1992801535125479907,3580819398636516776,Priest,elf,chaotic
8851911387031847041,8828693219173836869,Monk,human,chaotic
5802605940133071273,6008473960815432367,Caveperson,dwarf,lawful
405256830187214886,8369854508229955144,Archeologist,human,lawful
8692976770767413982,3675923056053116954,Samurai,human,lawful
4333997015681907817,6143298309837141656,Ranger,human,neutral
655073020477562616,1021432864873569865,Rogue,human,chaotic
2136649474598788805,3749811671018970222,Caveperson,gnome,neutral
82984561622367572,1074202137067943984,Healer,human,neutral
9000170457904532888,6255413894113367660,Tourist,human,neutral
4710192187788532688,6485988837795858086,Tourist,human,neutral
3619734741611027271,3371459522471702336,Monk,human,chaotic
9018426368340418877,4320012286373932445,Tourist,human,neutral
7983079485301473832,3464172159225356359,Rogue,human,chaotic
4470814666013042405,9051705983256439701,Caveperson,gnome,neutral
6263610815278802652,8104406306909290479,Ranger,orc,chaotic
7761649631931216356,4564091516492104638,Monk,human,chaotic
7443004808842981990,3609719947576221234,Caveperson,human,neutral
1223144716916228333,1724618727110533548,Wizard,gnome,neutral
2995870634227190722,2277404221322900008,Tourist,human,neutral
301484977559790608,4428855966769285628,Knight,human,lawful
4171488435671516696,194376742570208898,Barbarian,orc,chaotic
9029737498539867836,8012707717850787360,Monk,human,chaotic
300663266348790911,6502805523071602713,Caveperson,gnome,neutral
5261179873990542488,274928202462633023,Barbarian,orc,chaotic
2341500652679999289,8408759303160437699,Knight,human,lawful
6072475304852220229,136543673768529140,Healer,human,neutral
4667460576986356975,7243575352251377414,Wizard,human,neutral
4163407647717965270,246364699108828708,Rogue,orc,chaotic
5384650964977322565,7953400425735116383,Samurai,human,lawful
7106734340387177616,6801758419121274441,Valkyrie,human,neutral
2826055867696908454,8657553064553074330,Priest,elf,chaotic
7496963732173373047,7572661549287352735,Ranger,elf,chaotic
5209291707988801990,5294292430915947998,Caveperson,gnome,neutral
7396011648636805543,4355399489315804937,Archeologist,gnome,neutral
2494240931333478048,6429291925779646402,Samurai,human,lawful
405301118702347882,6459719946454992397,Knight,human,lawful
1817182382117612235,6369605539799561048,Monk,human,lawful
1325255642722028618,8341841035271325839,Ranger,gnome,neutral
4545973581381875847,2316956084745060411,Wizard,elf,chaotic
7438695613109829009,7612797575387835100,Barbarian,human,neutral
3869704575009401505,779779950048792403,Archeologist,gnome,neutral
676431276520029088,7830341414705893180,Caveperson,dwarf,lawful
1174258363779334122,3913136965528505812,Samurai,human,lawful
5352659015016420467,1027793626622312017,Valkyrie,human,neutral
7594402119159009933,3205498253761681438,Priest,elf,chaotic
1092641806850316701,3381989918448410836,Rogue,orc,chaotic
4309243366410033661,4868053174759436095,Monk,human,neutral
628475744435490695,1460620090034813072,Knight,human,lawful
713454755590154751,881907901645525450,Healer,human,neutral
7335674839586691652,4476822341258112861,Priest,human,neutral
7908598939941766926,4063356576021181345,Samurai,human,lawful
2587153083205662146,688045102530962397,Barbarian,human,chaotic
4136088351396349037,6907433656913591073,Rogue,human,chaotic
5529054599814883076,2050374291508752250,Priest,human,neutral
5810820682463030682,7230052636505145344,Knight,human,lawful
8374250834663389513,6310428934608589371,Monk,human,chaotic
834326536860405990,6776300815467628591,Rogue,human,chaotic
7828969026346922647,5846704875771657609,Barbarian,orc,chaotic
5176234567463569859,6872390428348477974,Rogue,human,chaotic
5242646521576035095,1421000861715849562,Samurai,human,lawful
6890214927075370452,3730903217430463111,Caveperson,gnome,neutral
3158888124933757044,6587504564683114088,Tourist,human,neutral
8855909357240018852,5169338413881238616,Tourist,human,neutral
4699781922656394823,1987885935764563451,Wizard,human,chaotic
4569773861505330699,6405309276367990331,Healer,human,neutral
6976191824671061737,2567186621874474249,Knight,human,lawful
4010348511507726644,9163498303476747812,Wizard,elf,chaotic
1179844731703929839,347010164904304496,Ranger,orc,chaotic
3822895756407272742,2090736061004771860,Archeologist,human,neutral
5694739427920335396,6975016104807469296,Rogue,human,chaotic
3819689450230054792,5478462361135896670,Valkyrie,dwarf,lawful
8886419578869939677,5903786951220210341,Wizard,elf,chaotic
3739078060574457462,5090149728874228025,Archeologist,gnome,neutral
6234563673356174784,8982652502171983781,Knight,human,lawful
4567145289805126656,6666823062393571484,Valkyrie,human,lawful
9190157629230318654,994921259719045107,Archeologist,human,lawful
1095143784128355731,7300177058597217686,Archeologist,gnome,neutral
6768112214234676422,8958119549938787252,Samurai,human,lawful
7382904278610896692,4780739322540940611,Monk,human,lawful
2258415780442761935,1512531611944143735,Priest,human,chaotic
6325681842747531469,8220388981670238655,Tourist,human,neutral
3854326415670307579,7044511870981855695,Caveperson,human,lawful
2134231833618620107,6630457074999772526,Monk,human,lawful
8750096678089990516,4208543523095809502,Ranger,elf,chaotic
2257793370444346505,5809293245562705566,Archeologist,gnome,neutral
475703004218726449,7713159133642133699,Knight,human,lawful
1250908625275432903,1085049057829986499,Monk,human,lawful
1898308582385174978,6848573549678242380,Caveperson,human,lawful
4947978312927548980,1387531128921031916,Barbarian,human,neutral
6513752063838513609,1772115534796799393,Rogue,human,chaotic
757735916769179216,3036685647929994057,Tourist,human,neutral
4369521071916055783,373284295859942228,Samurai,human,lawful
8322308704963672941,9051843463948453086,Monk,human,chaotic
2195036702364549424,8563971828989625669,Samurai,human,lawful
8564958304983465824,5401891777326111266,Priest,elf,chaotic
5994501670633370373,8146017710295399444,Monk,human,neutral
935626012522887986,814726230516289030,Tourist,human,neutral
8409638581222098236,456723995983194539,Tourist,human,neutral
2213993188874153329,369277954773064298,Ranger,gnome,neutral
3961164645359789919,459680202864751987,Priest,elf,chaotic
1865691887407706764,6144055751008716399,Wizard,human,chaotic
3365160612130113613,7898296931373434247,Tourist,human,neutral
2521218258915339791,2869445951353577061,Barbarian,orc,chaotic
3894638295600838252,6583848464092548600,Archeologist,gnome,neutral
7962371941045583658,2223376191361914319,Caveperson,gnome,neutral
3305423451530363434,3040416844851773906,Priest,elf,chaotic
4214077982351318457,5130497080907901198,Priest,elf,chaotic
7708029199702983810,4474033977716197015,Barbarian,human,neutral
1378779145158666596,4837902281703650307,Valkyrie,human,neutral
2772350246619939455,2862105362237020968,Archeologist,human,neutral
1108567539137924530,2686942077154982457,Knight,human,lawful
5065120935795666131,413296431104858871,Barbarian,human,chaotic
4804338091575251816,6536865506656792769,Ranger,human,chaotic
7870352141529475301,4893611609665778524,Priest,elf,chaotic
4664981261262277291,8159725324947300781,Tourist,human,neutral
3678939340294086571,6683311053446886481,Archeologist,human,lawful
1926424407949462063,4393441072831765273,Knight,human,lawful
1000653317792914322,6543576455323373873,Wizard,human,neutral
3937243044742582024,4553780969946266177,Rogue,human,chaotic
577778383184839135,5164166213627464473,Archeologist,human,neutral
24543945627050199,3668482558953451681,Healer,human,neutral
4583226021197576349,8610027503370838717,Tourist,human,neutral
7802626651732196293,8256177823277274012,Barbarian,human,neutral
1548756604461060826,69580955496413411,Caveperson,gnome,neutral
1620602754359092127,8469609446037530538,Priest,elf,chaotic
9019920245033843990,7173394840400894116,Barbarian,human,neutral
696127203235779514,2410291433106099934,Wizard,elf,chaotic
7271996146123567026,1446338097239514606,Wizard,gnome,neutral
8043742267850745616,277745134540172066,Priest,human,chaotic
6179786503433650373,5704388150960397812,Barbarian,human,neutral
8264329993835795057,5178282941923348487,Archeologist,human,neutral
5736133216664712144,287811610867753143,Rogue,orc,chaotic
8131758933053697536,2607854087848326253,Caveperson,human,lawful
7231830938293843887,5295816324312056048,Valkyrie,dwarf,lawful
5394812112163635569,8318939220971552372,Healer,gnome,neutral
8867413755009829361,8422911649298620639,Archeologist,dwarf,lawful
7167997364976771516,145474880791899719,Healer,human,neutral
8545411389848674276,8633065421144124535,Monk,human,chaotic
4522972978305271486,6558680138219729613,Knight,human,lawful
3120970486412595142,3915179798218126952,Barbarian,human,neutral
8026745981901134219,3360618636643797805,Archeologist,dwarf,lawful
6818166911770685958,7455633027810734321,Ranger,elf,chaotic
9061948007071398815,8826062139654785573,Barbarian,human,chaotic
2922282426111839876,6734728152111391849,Healer,human,neutral
6956481267131865870,4074012347311472296,Caveperson,human,neutral
1340740740049291669,3909695083249691037,Monk,human,neutral
237994886286504879,2504216050994363338,Samurai,human,lawful
848151538438998463,6251645999855706523,Monk,human,chaotic
3009057980547335592,5454092509490673305,Healer,gnome,neutral
50707116242087716,2177368281807494026,Samurai,human,lawful
6273324910486288145,8572667148674610735,Archeologist,dwarf,lawful
7716369779546873898,6817463673121402426,Monk,human,lawful
1078155557070334430,4357558273113958092,Healer,human,neutral
1114727334202867531,393300213225243608,Wizard,elf,chaotic
7378148765419550873,7002961293504610992,Valkyrie,human,neutral
7567891729516433659,9034374404082286880,Caveperson,gnome,neutral
3547988190641166612,5254165257346780529,Knight,human,lawful
5243114219308760741,7223911515989085756,Healer,human,neutral
54902038748191831,3069239517268212181,Ranger,orc,chaotic
8295151842347012208,9042961648448703567,Priest,human,chaotic
814600523413150077,9130864635548726014,Valkyrie,dwarf,lawful
28051925975626303,8847123124249106376,Knight,human,lawful
8123766919368943277,4571782988729627840,Caveperson,gnome,neutral
1727271585272446502,2334096624810484957,Rogue,human,chaotic
4945707015923033167,6622842081183856348,Barbarian,human,chaotic
7483714338879386800,2605524775934663269,Archeologist,dwarf,lawful
3472240510655870288,6803627051569837700,Barbarian,orc,chaotic
1187544717518942786,5141264022057702452,Monk,human,chaotic
7676476773942595866,4801650647361710182,Wizard,orc,chaotic
6705416343631531908,1857971144031005230,Knight,human,lawful
7604545585914189054,657288427870473174,Wizard,human,neutral
4639635126396004602,8607237831082242598,Healer,gnome,neutral
1141449113580598352,7050399864650472479,Caveperson,human,neutral
1811286192263918456,5813934638697639452,Healer,human,neutral
5142637062283109197,526075248539913901,Ranger,gnome,neutral
5792851759783387058,2273817220092825,Valkyrie,human,neutral
2966506311831398881,7488894182569463366,Tourist,human,neutral
2458394216379676614,7630621439675657466,Valkyrie,dwarf,lawful
4000295427241382556,1604536530535150735,Caveperson,human,lawful
1522419515816049730,2149994212878318680,Wizard,human,neutral
7022387566165684280,1793948090613829102,Knight,human,lawful
4182953635601449292,8089770016449469897,Healer,gnome,neutral
2784737049969373431,8970266078235665940,Samurai,human,lawful
1777206249316483117,5456848713890345284,Archeologist,gnome,neutral
218221686216213365,3716780832155091103,Valkyrie,human,neutral
4011696332777344603,5824392457287304899,Wizard,elf,chaotic
5544291147869824697,1475913527612382407,Knight,human,lawful
1281717238688639620,801649235361545556,Wizard,elf,chaotic
2727418801837504789,4779677716072396118,Samurai,human,lawful
568726449973168801,4534594215609147256,Caveperson,dwarf,lawful
9088476442581337789,8078210088438235598,Archeologist,human,lawful
2710708810151517564,7500927103064760953,Monk,human,chaotic
3722652816810969784,4799194836677284702,Monk,human,lawful
8786076273609463982,4267347346178500506,Archeologist,gnome,neutral
658651939368628384,2764820058981041933,Barbarian,human,neutral
960406590448227202,9167376226853915343,Priest,human,chaotic
8574914256430153477,2604188667534499091,Archeologist,gnome,neutral
1766548112846737597,6459806399713507241,Valkyrie,dwarf,lawful
4784342911284253367,4093660883974521366,Tourist,human,neutral
4203768692793331713,3807365157140121535,Caveperson,dwarf,lawful
8792959278791441774,5380034228296090160,Knight,human,lawful
5224552986287226630,8519547957158189955,Wizard,orc,chaotic
404511368389379777,2100145778813020576,Rogue,orc,chaotic
4872303569836006746,5328645827341436620,Tourist,human,neutral
7117259138389575548,7092343516552735352,Samurai,human,lawful
9207711794425341093,1123482836848362321,Priest,elf,chaotic
7052514806181335745,8620309280509844459,Caveperson,human,lawful
618591759513356762,2550571336749094697,Ranger,elf,chaotic
6960344203715835283,3443328957078990635,Rogue,orc,chaotic
4526556997971553758,6833213684040922915,Wizard,elf,chaotic
184964276574772311,4895727758399396951,Healer,gnome,neutral
1878640611210330079,6635954834775325134,Knight,human,lawful
89466286598660011,7356990353800402368,Healer,gnome,neutral
8521919779809414686,9061471971351520041,Ranger,human,neutral
36863675013315894,5489577650142574864,Barbarian,orc,chaotic
3798778966195644057,2311434611812638630,Tourist,human,neutral
4373830758104200397,6704678426277748588,Tourist,human,neutral
8050968485526742416,8363255486325681513,Monk,human,chaotic
6415994930526865010,6922514411956984461,Rogue,human,chaotic
2278625632649776065,4934976847754984864,Healer,gnome,neutral
3819650211239173879,3023993467331631884,Archeologist,human,lawful
545977725062000049,7128277180199962936,Monk,human,neutral
8968563679006629300,2649398067205093379,Archeologist,human,lawful
1709388186361584570,8716838446378546978,Archeologist,human,neutral
6969596316829610245,3269402328564358669,Caveperson,human,lawful
4584998065650564163,8499717637794826428,Samurai,human,lawful
2337189164326372646,6438562650682021327,Valkyrie,dwarf,lawful
3545487650970916957,307689088081981017,Ranger,gnome,neutral
2063939025517619040,287582662326909967,Samurai,human,lawful
7728430615751235804,6800825050384484015,Wizard,orc,chaotic
9203996762997212071,3377058348037813845,Knight,human,lawful
4941918790464630557,3158992123486537076,Knight,human,lawful
1297194390461478368,8319450577593931976,Valkyrie,dwarf,lawful
1351941388968435194,2045879983660634539,Knight,human,lawful
5250380434788667529,8179567582480790377,Monk,human,chaotic
8360458482630948269,6026939532842402406,Rogue,orc,chaotic
8003884927051499417,2433728269904341929,Valkyrie,human,lawful
4573033156355105296,5242908840175824773,Tourist,human,neutral
2554347527242164109,8388939428320668743,Healer,gnome,neutral
3300310831714287550,8901586998936137478,Valkyrie,dwarf,lawful
6681666198169894129,8105556271660196641,Tourist,human,neutral
2566142027902171683,3475363791988550187,Barbarian,orc,chaotic
6114181657973380548,6445622839500212651,Tourist,human,neutral
8790317340521602857,2928021805409374952,Samurai,human,lawful
8292851208249780294,8160991026769166337,Rogue,orc,chaotic
3288931249255734372,2645105881523080362,Tourist,human,neutral
8547119297920103409,4318553348221525397,Tourist,human,neutral
6553571315795133002,2397139002407194202,Priest,human,chaotic
5653400509407984247,5859642794162226941,Wizard,human,neutral
6651627600810887505,5514596014414060145,Healer,gnome,neutral
198817011388352008,8344500111295645515,Monk,human,chaotic
7711955948224359582,3713942324582708735,Monk,human,chaotic
5619405282901363410,8075179794759663327,Archeologist,dwarf,lawful
3632540380095992708,3615793669992191587,Tourist,human,neutral
1561170886807340251,1658883469835268384,Valkyrie,human,lawful
3861882153612995134,6305061113871629031,Priest,human,neutral
191156375294034602,5447953388077127745,Caveperson,human,neutral
77766501555822286,4294894002218066867,Tourist,human,neutral
1367494631255306870,2191716333072223099,Valkyrie,human,neutral
